"colony","ring","col_lat","col_lon","min_lay","min_subset","max_subset"
"Alkefjellet","BLKI904",79.585,18.459,"06-08","05-25","08-18"
"Alkefjellet","BLKI535",79.585,18.459,"06-08","05-25","08-18"
"Alkefjellet","BLKI442",79.585,18.459,"06-08","05-25","08-18"
"Alkefjellet","BLKI536",79.585,18.459,"06-08","05-25","08-18"
"Alkefjellet","BLKI905",79.585,18.459,"06-08","05-25","08-18"
"Alkefjellet","BLKI443",79.585,18.459,"06-08","05-25","08-18"
"Alkefjellet","BLKI719",79.585,18.459,"06-08","05-25","08-18"
"Alkefjellet","BLKI155",79.585,18.459,"06-08","05-25","08-18"
"Alkefjellet","BLKI276",79.585,18.459,"06-08","05-25","08-18"
"Alkefjellet","BLKI744",79.585,18.459,"06-08","05-25","08-18"
"Alkefjellet","BLKI458",79.585,18.459,"06-08","05-25","08-18"
"Alkefjellet","BLKI559",79.585,18.459,"06-08","05-25","08-18"
"Alkefjellet","BLKI560",79.585,18.459,"06-08","05-25","08-18"
"Alkefjellet","BLKI088",79.585,18.459,"06-08","05-25","08-18"
"Alkefjellet","BLKI374",79.585,18.459,"06-08","05-25","08-18"
"Alkefjellet","BLKI837",79.585,18.459,"06-08","05-25","08-18"
"Alkefjellet","BLKI178",79.585,18.459,"06-08","05-25","08-18"
"Alkefjellet","BLKI089",79.585,18.459,"06-08","05-25","08-18"
"Alkefjellet","BLKI651",79.585,18.459,"06-08","05-25","08-18"
"Alkefjellet","BLKI179",79.585,18.459,"06-08","05-25","08-18"
"Alkefjellet","BLKI838",79.585,18.459,"06-08","05-25","08-18"
"Alkefjellet","BLKI375",79.585,18.459,"06-08","05-25","08-18"
"Alkefjellet","BLKI652",79.585,18.459,"06-08","05-25","08-18"
"Alkefjellet","BLKI745",79.585,18.459,"06-08","05-25","08-18"
"Alkefjellet","BLKI561",79.585,18.459,"06-08","05-25","08-18"
"Alkefjellet","BLKI376",79.585,18.459,"06-08","05-25","08-18"
"Alkefjellet","BLKI180",79.585,18.459,"06-08","05-25","08-18"
"Alkefjellet","BLKI929",79.585,18.459,"06-08","05-25","08-18"
"Alkefjellet","BLKI562",79.585,18.459,"06-08","05-25","08-18"
"Alkefjellet","BLKI563",79.585,18.459,"06-08","05-25","08-18"
"Alkefjellet","BLKI181",79.585,18.459,"06-08","05-25","08-18"
"Alkefjellet","BLKI564",79.585,18.459,"06-08","05-25","08-18"
"Alkefjellet","BLKI277",79.585,18.459,"06-08","05-25","08-18"
"Alkefjellet","BLKI653",79.585,18.459,"06-08","05-25","08-18"
"Alkefjellet","BLKI278",79.585,18.459,"06-08","05-25","08-18"
"Alkefjellet","BLKI746",79.585,18.459,"06-08","05-25","08-18"
"Alkefjellet","BLKI182",79.585,18.459,"06-08","05-25","08-18"
"Alkefjellet","BLKI654",79.585,18.459,"06-08","05-25","08-18"
"Alkefjellet","BLKI183",79.585,18.459,"06-08","05-25","08-18"
"Alkefjellet","BLKI459",79.585,18.459,"06-08","05-25","08-18"
"Alkefjellet","BLKI747",79.585,18.459,"06-08","05-25","08-18"
"Alkefjellet","BLKI090",79.585,18.459,"06-08","05-25","08-18"
"Alkefjellet","BLKI655",79.585,18.459,"06-08","05-25","08-18"
"Alkefjellet","BLKI748",79.585,18.459,"06-08","05-25","08-18"
"Anda","BLKI156",69.065,15.17,"05-19","05-05","07-29"
"Anda","BLKI246",69.065,15.17,"05-19","05-05","07-29"
"Anda","BLKI907",69.065,15.17,"05-19","05-05","07-29"
"Anda","BLKI157",69.065,15.17,"05-19","05-05","07-29"
"Anda","BLKI354",69.065,15.17,"05-19","05-05","07-29"
"Anda","BLKI720",69.065,15.17,"05-19","05-05","07-29"
"Anda","BLKI355",69.065,15.17,"05-19","05-05","07-29"
"Anda","BLKI908",69.065,15.17,"05-19","05-05","07-29"
"Anda","BLKI810",69.065,15.17,"05-19","05-05","07-29"
"Anda","BLKI069",69.065,15.17,"05-19","05-05","07-29"
"Anda","BLKI247",69.065,15.17,"05-19","05-05","07-29"
"Anda","BLKI909",69.065,15.17,"05-19","05-05","07-29"
"Anda","BLKI910",69.065,15.17,"05-19","05-05","07-29"
"Anda","BLKI811",69.065,15.17,"05-19","05-05","07-29"
"Anda","BLKI070",69.065,15.17,"05-19","05-05","07-29"
"Anda","BLKI071",69.065,15.17,"05-19","05-05","07-29"
"Anda","BLKI356",69.065,15.17,"05-19","05-05","07-29"
"Anda","BLKI812",69.065,15.17,"05-19","05-05","07-29"
"Anda","BLKI444",69.065,15.17,"05-19","05-05","07-29"
"Anda","BLKI537",69.065,15.17,"05-19","05-05","07-29"
"Anda","BLKI248",69.065,15.17,"05-19","05-05","07-29"
"Anda","BLKI445",69.065,15.17,"05-19","05-05","07-29"
"Anda","BLKI813",69.065,15.17,"05-19","05-05","07-29"
"Anda","BLKI158",69.065,15.17,"05-19","05-05","07-29"
"Anda","BLKI814",69.065,15.17,"05-19","05-05","07-29"
"Anda","BLKI625",69.065,15.17,"05-19","05-05","07-29"
"Anda","BLKI911",69.065,15.17,"05-19","05-05","07-29"
"Anda","BLKI159",69.065,15.17,"05-19","05-05","07-29"
"Anda","BLKI357",69.065,15.17,"05-19","05-05","07-29"
"Anda","BLKI538",69.065,15.17,"05-19","05-05","07-29"
"Anda","BLKI721",69.065,15.17,"05-19","05-05","07-29"
"Anda","BLKI539",69.065,15.17,"05-19","05-05","07-29"
"Anda","BLKI815",69.065,15.17,"05-19","05-05","07-29"
"Anda","BLKI160",69.065,15.17,"05-19","05-05","07-29"
"Anda","BLKI816",69.065,15.17,"05-19","05-05","07-29"
"Anda","BLKI626",69.065,15.17,"05-19","05-05","07-29"
"Anda","BLKI912",69.065,15.17,"05-19","05-05","07-29"
"Anda","BLKI446",69.065,15.17,"05-19","05-05","07-29"
"Anda","BLKI072",69.065,15.17,"05-19","05-05","07-29"
"Anda","BLKI627",69.065,15.17,"05-19","05-05","07-29"
"Anda","BLKI817",69.065,15.17,"05-19","05-05","07-29"
"Anda","BLKI358",69.065,15.17,"05-19","05-05","07-29"
"Anda","BLKI540",69.065,15.17,"05-19","05-05","07-29"
"Anda","BLKI249",69.065,15.17,"05-19","05-05","07-29"
"Anda","BLKI161",69.065,15.17,"05-19","05-05","07-29"
"Anda","BLKI628",69.065,15.17,"05-19","05-05","07-29"
"Anda","BLKI250",69.065,15.17,"05-19","05-05","07-29"
"Anda","BLKI447",69.065,15.17,"05-19","05-05","07-29"
"Anda","BLKI251",69.065,15.17,"05-19","05-05","07-29"
"Anda","BLKI359",69.065,15.17,"05-19","05-05","07-29"
"Anda","BLKI913",69.065,15.17,"05-19","05-05","07-29"
"Anda","BLKI818",69.065,15.17,"05-19","05-05","07-29"
"Anda","BLKI360",69.065,15.17,"05-19","05-05","07-29"
"Anda","BLKI073",69.065,15.17,"05-19","05-05","07-29"
"Anda","BLKI541",69.065,15.17,"05-19","05-05","07-29"
"Anda","BLKI361",69.065,15.17,"05-19","05-05","07-29"
"Anda","BLKI074",69.065,15.17,"05-19","05-05","07-29"
"Anda","BLKI162",69.065,15.17,"05-19","05-05","07-29"
"Anda","BLKI252",69.065,15.17,"05-19","05-05","07-29"
"Anda","BLKI819",69.065,15.17,"05-19","05-05","07-29"
"Anda",NA,69.065,15.17,"05-19","05-05","07-29"
"Anda",NA,69.065,15.17,"05-19","05-05","07-29"
"Anda","BLKI629",69.065,15.17,"05-19","05-05","07-29"
"Anda","BLKI542",69.065,15.17,"05-19","05-05","07-29"
"Anda","BLKI820",69.065,15.17,"05-19","05-05","07-29"
"Anda","BLKI075",69.065,15.17,"05-19","05-05","07-29"
"Anda","BLKI163",69.065,15.17,"05-19","05-05","07-29"
"Anda","BLKI914",69.065,15.17,"05-19","05-05","07-29"
"Anda","BLKI076",69.065,15.17,"05-19","05-05","07-29"
"Anda","BLKI722",69.065,15.17,"05-19","05-05","07-29"
"Anda","BLKI077",69.065,15.17,"05-19","05-05","07-29"
"Anda","BLKI915",69.065,15.17,"05-19","05-05","07-29"
"Anda","BLKI723",69.065,15.17,"05-19","05-05","07-29"
"Anda",NA,69.065,15.17,"05-19","05-05","07-29"
"Bjørnøya","BLKI231",74.503,18.956,"05-28","05-14","08-07"
"Bjørnøya","BLKI142",74.503,18.956,"05-28","05-14","08-07"
"Bjørnøya","BLKI520",74.503,18.956,"05-28","05-14","08-07"
"Bjørnøya","BLKI432",74.503,18.956,"05-28","05-14","08-07"
"Bjørnøya","BLKI339",74.503,18.956,"05-28","05-14","08-07"
"Bjørnøya","BLKI060",74.503,18.956,"05-28","05-14","08-07"
"Bjørnøya","BLKI150",74.503,18.956,"05-28","05-14","08-07"
"Bjørnøya","BLKI237",74.503,18.956,"05-28","05-14","08-07"
"Bjørnøya","BLKI616",74.503,18.956,"05-28","05-14","08-07"
"Bjørnøya","BLKI714",74.503,18.956,"05-28","05-14","08-07"
"Bjørnøya","BLKI527",74.503,18.956,"05-28","05-14","08-07"
"Bjørnøya","BLKI617",74.503,18.956,"05-28","05-14","08-07"
"Bjørnøya","BLKI893",74.503,18.956,"05-28","05-14","08-07"
"Bjørnøya","BLKI618",74.503,18.956,"05-28","05-14","08-07"
"Bjørnøya","BLKI528",74.503,18.956,"05-28","05-14","08-07"
"Bjørnøya","BLKI438",74.503,18.956,"05-28","05-14","08-07"
"Bjørnøya","BLKI342",74.503,18.956,"05-28","05-14","08-07"
"Bjørnøya","BLKI151",74.503,18.956,"05-28","05-14","08-07"
"Bjørnøya","BLKI343",74.503,18.956,"05-28","05-14","08-07"
"Bjørnøya","BLKI895",74.503,18.956,"05-28","05-14","08-07"
"Bjørnøya","BLKI152",74.503,18.956,"05-28","05-14","08-07"
"Bjørnøya","BLKI896",74.503,18.956,"05-28","05-14","08-07"
"Bjørnøya","BLKI529",74.503,18.956,"05-28","05-14","08-07"
"Bjørnøya","BLKI153",74.503,18.956,"05-28","05-14","08-07"
"Bjørnøya","BLKI807",74.503,18.956,"05-28","05-14","08-07"
"Bjørnøya","BLKI439",74.503,18.956,"05-28","05-14","08-07"
"Bjørnøya","BLKI061",74.503,18.956,"05-28","05-14","08-07"
"Bjørnøya","BLKI897",74.503,18.956,"05-28","05-14","08-07"
"Bjørnøya","BLKI530",74.503,18.956,"05-28","05-14","08-07"
"Bjørnøya","BLKI898",74.503,18.956,"05-28","05-14","08-07"
"Bjørnøya","BLKI238",74.503,18.956,"05-28","05-14","08-07"
"Bjørnøya","BLKI239",74.503,18.956,"05-28","05-14","08-07"
"Bjørnøya","BLKI899",74.503,18.956,"05-28","05-14","08-07"
"Bjørnøya","BLKI619",74.503,18.956,"05-28","05-14","08-07"
"Bjørnøya","BLKI531",74.503,18.956,"05-28","05-14","08-07"
"Bjørnøya","BLKI620",74.503,18.956,"05-28","05-14","08-07"
"Bjørnøya","BLKI346",74.503,18.956,"05-28","05-14","08-07"
"Bjørnøya","BLKI715",74.503,18.956,"05-28","05-14","08-07"
"Bjørnøya","BLKI063",74.503,18.956,"05-28","05-14","08-07"
"Bjørnøya","BLKI649",74.503,18.956,"05-28","05-14","08-07"
"Bjørnøya","BLKI555",74.503,18.956,"05-28","05-14","08-07"
"Bjørnøya","BLKI650",74.503,18.956,"05-28","05-14","08-07"
"Cape Krutik","BLKI191",69.151,35.948,"05-20","05-06","07-30"
"Cape Krutik","BLKI192",69.151,35.948,"05-20","05-06","07-30"
"Cape Krutik","BLKI849",69.151,35.948,"05-20","05-06","07-30"
"Cape Krutik","BLKI470",69.151,35.948,"05-20","05-06","07-30"
"Cape Krutik","BLKI572",69.151,35.948,"05-20","05-06","07-30"
"Cape Krutik","BLKI670",69.151,35.948,"05-20","05-06","07-30"
"Cape Krutik","BLKI391",69.151,35.948,"05-20","05-06","07-30"
"Cape Krutik","BLKI476",69.151,35.948,"05-20","05-06","07-30"
"Cape Krutik","BLKI478",69.151,35.948,"05-20","05-06","07-30"
"Cape Krutik","BLKI671",69.151,35.948,"05-20","05-06","07-30"
"Cape Krutik","BLKI672",69.151,35.948,"05-20","05-06","07-30"
"Cape Krutik","BLKI481",69.151,35.948,"05-20","05-06","07-30"
"Cape Krutik","BLKI300",69.151,35.948,"05-20","05-06","07-30"
"Cape Krutik","BLKI951",69.151,35.948,"05-20","05-06","07-30"
"Cape Krutik","BLKI204",69.151,35.948,"05-20","05-06","07-30"
"Cape Krutik","BLKI205",69.151,35.948,"05-20","05-06","07-30"
"Cape Krutik","BLKI109",69.151,35.948,"05-20","05-06","07-30"
"Cape Krutik","BLKI482",69.151,35.948,"05-20","05-06","07-30"
"Cape Krutik","BLKI110",69.151,35.948,"05-20","05-06","07-30"
"Cape Krutik","BLKI766",69.151,35.948,"05-20","05-06","07-30"
"Cape Krutik","BLKI483",69.151,35.948,"05-20","05-06","07-30"
"Cape Krutik","BLKI206",69.151,35.948,"05-20","05-06","07-30"
"Cape Krutik","BLKI676",69.151,35.948,"05-20","05-06","07-30"
"Cape Krutik","BLKI484",69.151,35.948,"05-20","05-06","07-30"
"Cape Krutik","BLKI952",69.151,35.948,"05-20","05-06","07-30"
"Cape Krutik","BLKI579",69.151,35.948,"05-20","05-06","07-30"
"Cape Krutik","BLKI580",69.151,35.948,"05-20","05-06","07-30"
"Cape Krutik","BLKI207",69.151,35.948,"05-20","05-06","07-30"
"Cape Krutik","BLKI953",69.151,35.948,"05-20","05-06","07-30"
"Cape Krutik","BLKI581",69.151,35.948,"05-20","05-06","07-30"
"Cape Krutik","BLKI767",69.151,35.948,"05-20","05-06","07-30"
"Cape Krutik","BLKI111",69.151,35.948,"05-20","05-06","07-30"
"Cape Krutik","BLKI394",69.151,35.948,"05-20","05-06","07-30"
"Cape Krutik","BLKI485",69.151,35.948,"05-20","05-06","07-30"
"Cape Krutik","BLKI395",69.151,35.948,"05-20","05-06","07-30"
"Cape Krutik","BLKI677",69.151,35.948,"05-20","05-06","07-30"
"Cape Krutik","BLKI856",69.151,35.948,"05-20","05-06","07-30"
"Cape Krutik","BLKI301",69.151,35.948,"05-20","05-06","07-30"
"Cape Krutik","BLKI768",69.151,35.948,"05-20","05-06","07-30"
"Cape Krutik","BLKI112",69.151,35.948,"05-20","05-06","07-30"
"Faroe Islands","BLKI492",61.95,-6.798,"05-03","04-19","07-13"
"Faroe Islands","BLKI585",61.95,-6.798,"05-03","04-19","07-13"
"Faroe Islands","BLKI864",61.95,-6.798,"05-03","04-19","07-13"
"Faroe Islands","BLKI493",61.95,-6.798,"05-03","04-19","07-13"
"Faroe Islands","BLKI494",61.95,-6.798,"05-03","04-19","07-13"
"Faroe Islands","BLKI032",61.95,-6.798,"05-03","04-19","07-13"
"Faroe Islands","BLKI305",61.95,-6.798,"05-03","04-19","07-13"
"Faroe Islands","BLKI306",61.95,-6.798,"05-03","04-19","07-13"
"Faroe Islands","BLKI307",61.95,-6.798,"05-03","04-19","07-13"
"Faroe Islands","BLKI865",61.95,-6.798,"05-03","04-19","07-13"
"Faroe Islands","BLKI118",61.95,-6.798,"05-03","04-19","07-13"
"Faroe Islands","BLKI770",61.95,-6.798,"05-03","04-19","07-13"
"Faroe Islands","BLKI210",61.95,-6.798,"05-03","04-19","07-13"
"Faroe Islands","BLKI308",61.95,-6.798,"05-03","04-19","07-13"
"Faroe Islands","BLKI309",61.95,-6.798,"05-03","04-19","07-13"
"Faroe Islands","BLKI119",61.95,-6.798,"05-03","04-19","07-13"
"Faroe Islands","BLKI497",61.95,-6.798,"05-03","04-19","07-13"
"Faroe Islands","BLKI498",61.95,-6.798,"05-03","04-19","07-13"
"Faroe Islands","BLKI120",61.95,-6.798,"05-03","04-19","07-13"
"Faroe Islands","BLKI212",61.95,-6.798,"05-03","04-19","07-13"
"Faroe Islands","BLKI679",61.95,-6.798,"05-03","04-19","07-13"
"Faroe Islands","BLKI121",61.95,-6.798,"05-03","04-19","07-13"
"Faroe Islands","BLKI400",61.95,-6.798,"05-03","04-19","07-13"
"Faroe Islands","BLKI868",61.95,-6.798,"05-03","04-19","07-13"
"Faroe Islands","BLKI772",61.95,-6.798,"05-03","04-19","07-13"
"Faroe Islands","BLKI680",61.95,-6.798,"05-03","04-19","07-13"
"Faroe Islands","BLKI401",61.95,-6.798,"05-03","04-19","07-13"
"Faroe Islands","BLKI681",61.95,-6.798,"05-03","04-19","07-13"
"Faroe Islands","BLKI586",61.95,-6.798,"05-03","04-19","07-13"
"Faroe Islands","BLKI587",61.95,-6.798,"05-03","04-19","07-13"
"Faroe Islands","BLKI402",61.95,-6.798,"05-03","04-19","07-13"
"Faroe Islands","BLKI035",61.95,-6.798,"05-03","04-19","07-13"
"Faroe Islands","BLKI682",61.95,-6.798,"05-03","04-19","07-13"
"Faroe Islands","BLKI036",61.95,-6.798,"05-03","04-19","07-13"
"Faroe Islands","BLKI037",61.95,-6.798,"05-03","04-19","07-13"
"Faroe Islands","BLKI310",61.95,-6.798,"05-03","04-19","07-13"
"Faroe Islands","BLKI773",61.95,-6.798,"05-03","04-19","07-13"
"Faroe Islands","BLKI122",61.95,-6.798,"05-03","04-19","07-13"
"Faroe Islands","BLKI123",61.95,-6.798,"05-03","04-19","07-13"
"Faroe Islands","BLKI038",61.95,-6.798,"05-03","04-19","07-13"
"Faroe Islands","BLKI311",61.95,-6.798,"05-03","04-19","07-13"
"Faroe Islands","BLKI499",61.95,-6.798,"05-03","04-19","07-13"
"Faroe Islands","BLKI869",61.95,-6.798,"05-03","04-19","07-13"
"Faroe Islands","BLKI403",61.95,-6.798,"05-03","04-19","07-13"
"Faroe Islands","BLKI312",61.95,-6.798,"05-03","04-19","07-13"
"Faroe Islands","BLKI404",61.95,-6.798,"05-03","04-19","07-13"
"Faroe Islands","BLKI500",61.95,-6.798,"05-03","04-19","07-13"
"Faroe Islands","BLKI406",61.95,-6.798,"05-03","04-19","07-13"
"Faroe Islands","BLKI683",61.95,-6.798,"05-03","04-19","07-13"
"Faroe Islands","BLKI407",61.95,-6.798,"05-03","04-19","07-13"
"Faroe Islands","BLKI408",61.95,-6.798,"05-03","04-19","07-13"
"Franz Josef Land","BLKI945",80.144,51.468,"06-07","05-24","08-17"
"Franz Josef Land","BLKI286",80.144,51.468,"06-07","05-24","08-17"
"Franz Josef Land",NA,80.144,51.468,"06-07","05-24","08-17"
"Franz Josef Land","BLKI102",80.144,51.468,"06-07","05-24","08-17"
"Franz Josef Land","BLKI759",80.144,51.468,"06-07","05-24","08-17"
"Franz Josef Land","BLKI760",80.144,51.468,"06-07","05-24","08-17"
"Franz Josef Land","BLKI193",80.144,51.468,"06-07","05-24","08-17"
"Franz Josef Land","BLKI850",80.144,51.468,"06-07","05-24","08-17"
"Franz Josef Land","BLKI946",80.144,51.468,"06-07","05-24","08-17"
"Franz Josef Land","BLKI665",80.144,51.468,"06-07","05-24","08-17"
"Franz Josef Land","BLKI947",80.144,51.468,"06-07","05-24","08-17"
"Franz Josef Land","BLKI948",80.144,51.468,"06-07","05-24","08-17"
"Franz Josef Land","BLKI194",80.144,51.468,"06-07","05-24","08-17"
"Franz Josef Land","BLKI195",80.144,51.468,"06-07","05-24","08-17"
"Franz Josef Land","BLKI471",80.144,51.468,"06-07","05-24","08-17"
"Franz Josef Land","BLKI666",80.144,51.468,"06-07","05-24","08-17"
"Franz Josef Land","BLKI387",80.144,51.468,"06-07","05-24","08-17"
"Franz Josef Land","BLKI761",80.144,51.468,"06-07","05-24","08-17"
"Franz Josef Land","BLKI573",80.144,51.468,"06-07","05-24","08-17"
"Franz Josef Land","BLKI851",80.144,51.468,"06-07","05-24","08-17"
"Franz Josef Land","BLKI762",80.144,51.468,"06-07","05-24","08-17"
"Franz Josef Land","BLKI388",80.144,51.468,"06-07","05-24","08-17"
"Franz Josef Land","BLKI287",80.144,51.468,"06-07","05-24","08-17"
"Franz Josef Land","BLKI103",80.144,51.468,"06-07","05-24","08-17"
"Franz Josef Land","BLKI196",80.144,51.468,"06-07","05-24","08-17"
"Franz Josef Land","BLKI197",80.144,51.468,"06-07","05-24","08-17"
"Franz Josef Land","BLKI574",80.144,51.468,"06-07","05-24","08-17"
"Franz Josef Land","BLKI288",80.144,51.468,"06-07","05-24","08-17"
"Franz Josef Land","BLKI198",80.144,51.468,"06-07","05-24","08-17"
"Franz Josef Land","BLKI667",80.144,51.468,"06-07","05-24","08-17"
"Franz Josef Land","BLKI763",80.144,51.468,"06-07","05-24","08-17"
"Franz Josef Land","BLKI852",80.144,51.468,"06-07","05-24","08-17"
"Franz Josef Land","BLKI853",80.144,51.468,"06-07","05-24","08-17"
"Franz Josef Land","BLKI104",80.144,51.468,"06-07","05-24","08-17"
"Franz Josef Land","BLKI472",80.144,51.468,"06-07","05-24","08-17"
"Franz Josef Land","BLKI289",80.144,51.468,"06-07","05-24","08-17"
"Franz Josef Land","BLKI668",80.144,51.468,"06-07","05-24","08-17"
"Franz Josef Land","BLKI290",80.144,51.468,"06-07","05-24","08-17"
"Franz Josef Land","BLKI389",80.144,51.468,"06-07","05-24","08-17"
"Franz Josef Land",NA,80.144,51.468,"06-07","05-24","08-17"
"Franz Josef Land",NA,80.144,51.468,"06-07","05-24","08-17"
"Franz Josef Land","BLKI669",80.144,51.468,"06-07","05-24","08-17"
"Franz Josef Land","BLKI473",80.144,51.468,"06-07","05-24","08-17"
"Franz Josef Land",NA,80.144,51.468,"06-07","05-24","08-17"
"Franz Josef Land","BLKI105",80.144,51.468,"06-07","05-24","08-17"
"Franz Josef Land","BLKI575",80.144,51.468,"06-07","05-24","08-17"
"Franz Josef Land","BLKI199",80.144,51.468,"06-07","05-24","08-17"
"Franz Josef Land","BLKI474",80.144,51.468,"06-07","05-24","08-17"
"Franz Josef Land","BLKI576",80.144,51.468,"06-07","05-24","08-17"
"Franz Josef Land","BLKI390",80.144,51.468,"06-07","05-24","08-17"
"Franz Josef Land",NA,80.144,51.468,"06-07","05-24","08-17"
"Franz Josef Land",NA,80.144,51.468,"06-07","05-24","08-17"
"Franz Josef Land",NA,80.144,51.468,"06-07","05-24","08-17"
"Franz Josef Land","BLKI291",80.144,51.468,"06-07","05-24","08-17"
"Franz Josef Land","BLKI292",80.144,51.468,"06-07","05-24","08-17"
"Franz Josef Land","BLKI854",80.144,51.468,"06-07","05-24","08-17"
"Franz Josef Land","BLKI293",80.144,51.468,"06-07","05-24","08-17"
"Franz Josef Land","BLKI855",80.144,51.468,"06-07","05-24","08-17"
"Franz Josef Land","BLKI296",80.144,51.468,"06-07","05-24","08-17"
"Franz Josef Land","BLKI769",80.144,51.468,"06-07","05-24","08-17"
"Franz Josef Land","BLKI490",80.144,51.468,"06-07","05-24","08-17"
"Franz Josef Land","BLKI116",80.144,51.468,"06-07","05-24","08-17"
"Hornøya","BLKI609",70.383,31.15,"04-30","04-16","07-10"
"Hornøya","BLKI610",70.383,31.15,"04-30","04-16","07-10"
"Hornøya","BLKI144",70.383,31.15,"04-30","04-16","07-10"
"Hornøya","BLKI433",70.383,31.15,"04-30","04-16","07-10"
"Hornøya","BLKI521",70.383,31.15,"04-30","04-16","07-10"
"Hornøya","BLKI706",70.383,31.15,"04-30","04-16","07-10"
"Hornøya","BLKI707",70.383,31.15,"04-30","04-16","07-10"
"Hornøya","BLKI057",70.383,31.15,"04-30","04-16","07-10"
"Hornøya","BLKI889",70.383,31.15,"04-30","04-16","07-10"
"Hornøya","BLKI708",70.383,31.15,"04-30","04-16","07-10"
"Hornøya","BLKI434",70.383,31.15,"04-30","04-16","07-10"
"Hornøya","BLKI890",70.383,31.15,"04-30","04-16","07-10"
"Hornøya","BLKI435",70.383,31.15,"04-30","04-16","07-10"
"Hornøya","BLKI522",70.383,31.15,"04-30","04-16","07-10"
"Hornøya","BLKI801",70.383,31.15,"04-30","04-16","07-10"
"Hornøya","BLKI145",70.383,31.15,"04-30","04-16","07-10"
"Hornøya","BLKI802",70.383,31.15,"04-30","04-16","07-10"
"Hornøya","BLKI803",70.383,31.15,"04-30","04-16","07-10"
"Hornøya","BLKI709",70.383,31.15,"04-30","04-16","07-10"
"Hornøya","BLKI233",70.383,31.15,"04-30","04-16","07-10"
"Hornøya","BLKI523",70.383,31.15,"04-30","04-16","07-10"
"Hornøya","BLKI338",70.383,31.15,"04-30","04-16","07-10"
"Hornøya","BLKI710",70.383,31.15,"04-30","04-16","07-10"
"Hornøya","BLKI234",70.383,31.15,"04-30","04-16","07-10"
"Hornøya","BLKI711",70.383,31.15,"04-30","04-16","07-10"
"Hornøya","BLKI058",70.383,31.15,"04-30","04-16","07-10"
"Hornøya","BLKI712",70.383,31.15,"04-30","04-16","07-10"
"Hornøya","BLKI146",70.383,31.15,"04-30","04-16","07-10"
"Hornøya","BLKI611",70.383,31.15,"04-30","04-16","07-10"
"Hornøya","BLKI147",70.383,31.15,"04-30","04-16","07-10"
"Hornøya","BLKI436",70.383,31.15,"04-30","04-16","07-10"
"Hornøya","BLKI148",70.383,31.15,"04-30","04-16","07-10"
"Hornøya","BLKI149",70.383,31.15,"04-30","04-16","07-10"
"Hornøya","BLKI078",70.383,31.15,"04-30","04-16","07-10"
"Hornøya","BLKI449",70.383,31.15,"04-30","04-16","07-10"
"Hornøya","BLKI253",70.383,31.15,"04-30","04-16","07-10"
"Hornøya","BLKI543",70.383,31.15,"04-30","04-16","07-10"
"Hornøya","BLKI164",70.383,31.15,"04-30","04-16","07-10"
"Hornøya","BLKI254",70.383,31.15,"04-30","04-16","07-10"
"Hornøya","BLKI822",70.383,31.15,"04-30","04-16","07-10"
"Hornøya","BLKI255",70.383,31.15,"04-30","04-16","07-10"
"Hornøya","BLKI823",70.383,31.15,"04-30","04-16","07-10"
"Hornøya","BLKI256",70.383,31.15,"04-30","04-16","07-10"
"Hornøya","BLKI079",70.383,31.15,"04-30","04-16","07-10"
"Hornøya","BLKI824",70.383,31.15,"04-30","04-16","07-10"
"Hornøya","BLKI825",70.383,31.15,"04-30","04-16","07-10"
"Hornøya","BLKI631",70.383,31.15,"04-30","04-16","07-10"
"Hornøya","BLKI080",70.383,31.15,"04-30","04-16","07-10"
"Hornøya","BLKI738",70.383,31.15,"04-30","04-16","07-10"
"Hornøya","BLKI643",70.383,31.15,"04-30","04-16","07-10"
"Hornøya","BLKI918",70.383,31.15,"04-30","04-16","07-10"
"Hornøya","BLKI266",70.383,31.15,"04-30","04-16","07-10"
"Hornøya","BLKI644",70.383,31.15,"04-30","04-16","07-10"
"Hornøya","BLKI931",70.383,31.15,"04-30","04-16","07-10"
"Hornøya","BLKI282",70.383,31.15,"04-30","04-16","07-10"
"Hornøya","BLKI463",70.383,31.15,"04-30","04-16","07-10"
"Hornøya","BLKI095",70.383,31.15,"04-30","04-16","07-10"
"Hornøya","BLKI934",70.383,31.15,"04-30","04-16","07-10"
"Hornøya","BLKI378",70.383,31.15,"04-30","04-16","07-10"
"Hornøya","BLKI096",70.383,31.15,"04-30","04-16","07-10"
"Hornøya","BLKI566",70.383,31.15,"04-30","04-16","07-10"
"Hornøya","BLKI184",70.383,31.15,"04-30","04-16","07-10"
"Hornøya","BLKI379",70.383,31.15,"04-30","04-16","07-10"
"Hornøya","BLKI464",70.383,31.15,"04-30","04-16","07-10"
"Hornøya","BLKI185",70.383,31.15,"04-30","04-16","07-10"
"Hornøya","BLKI380",70.383,31.15,"04-30","04-16","07-10"
"Hornøya","BLKI752",70.383,31.15,"04-30","04-16","07-10"
"Hornøya","BLKI186",70.383,31.15,"04-30","04-16","07-10"
"Hornøya","BLKI842",70.383,31.15,"04-30","04-16","07-10"
"Isfjorden","BLKI001",78.253,15.508,"06-08","05-25","08-18"
"Isfjorden","BLKI002",78.253,15.508,"06-08","05-25","08-18"
"Isfjorden","BLKI003",78.253,15.508,"06-08","05-25","08-18"
"Isfjorden","BLKI004",78.253,15.508,"06-08","05-25","08-18"
"Isfjorden","BLKI005",78.253,15.508,"06-08","05-25","08-18"
"Isfjorden","BLKI006",78.253,15.508,"06-08","05-25","08-18"
"Isfjorden","BLKI007",78.253,15.508,"06-08","05-25","08-18"
"Isfjorden","BLKI008",78.253,15.508,"06-08","05-25","08-18"
"Isfjorden",NA,78.253,15.508,"06-08","05-25","08-18"
"Isfjorden",NA,78.253,15.508,"06-08","05-25","08-18"
"Isfjorden",NA,78.253,15.508,"06-08","05-25","08-18"
"Isfjorden","BLKI012",78.253,15.508,"06-08","05-25","08-18"
"Isfjorden",NA,78.253,15.508,"06-08","05-25","08-18"
"Isfjorden","BLKI013",78.253,15.508,"06-08","05-25","08-18"
"Isfjorden","BLKI009",78.253,15.508,"06-08","05-25","08-18"
"Isfjorden",NA,78.253,15.508,"06-08","05-25","08-18"
"Isfjorden","BLKI022",78.253,15.508,"06-08","05-25","08-18"
"Isfjorden",NA,78.253,15.508,"06-08","05-25","08-18"
"Isfjorden",NA,78.253,15.508,"06-08","05-25","08-18"
"Isfjorden","BLKI024",78.253,15.508,"06-08","05-25","08-18"
"Isfjorden","BLKI025",78.253,15.508,"06-08","05-25","08-18"
"Isfjorden",NA,78.253,15.508,"06-08","05-25","08-18"
"Isfjorden",NA,78.253,15.508,"06-08","05-25","08-18"
"Isfjorden",NA,78.253,15.508,"06-08","05-25","08-18"
"Isfjorden",NA,78.253,15.508,"06-08","05-25","08-18"
"Isfjorden","BLKI026",78.253,15.508,"06-08","05-25","08-18"
"Isfjorden",NA,78.253,15.508,"06-08","05-25","08-18"
"Isfjorden",NA,78.253,15.508,"06-08","05-25","08-18"
"Isfjorden","BLKI795",78.253,15.508,"06-08","05-25","08-18"
"Isfjorden","BLKI226",78.253,15.508,"06-08","05-25","08-18"
"Isfjorden","BLKI514",78.253,15.508,"06-08","05-25","08-18"
"Isfjorden","BLKI135",78.253,15.508,"06-08","05-25","08-18"
"Isfjorden","BLKI515",78.253,15.508,"06-08","05-25","08-18"
"Isfjorden","BLKI051",78.253,15.508,"06-08","05-25","08-18"
"Isfjorden","BLKI227",78.253,15.508,"06-08","05-25","08-18"
"Isfjorden","BLKI698",78.253,15.508,"06-08","05-25","08-18"
"Isfjorden","BLKI333",78.253,15.508,"06-08","05-25","08-18"
"Isfjorden","BLKI699",78.253,15.508,"06-08","05-25","08-18"
"Isfjorden","BLKI516",78.253,15.508,"06-08","05-25","08-18"
"Isfjorden","BLKI136",78.253,15.508,"06-08","05-25","08-18"
"Isfjorden","BLKI052",78.253,15.508,"06-08","05-25","08-18"
"Isfjorden","BLKI053",78.253,15.508,"06-08","05-25","08-18"
"Isfjorden","BLKI334",78.253,15.508,"06-08","05-25","08-18"
"Isfjorden","BLKI517",78.253,15.508,"06-08","05-25","08-18"
"Isfjorden","BLKI335",78.253,15.508,"06-08","05-25","08-18"
"Isfjorden","BLKI423",78.253,15.508,"06-08","05-25","08-18"
"Isfjorden","BLKI428",78.253,15.508,"06-08","05-25","08-18"
"Isfjorden","BLKI429",78.253,15.508,"06-08","05-25","08-18"
"Isfjorden","BLKI430",78.253,15.508,"06-08","05-25","08-18"
"Isfjorden","BLKI431",78.253,15.508,"06-08","05-25","08-18"
"Isfjorden","BLKI232",78.253,15.508,"06-08","05-25","08-18"
"Isfjorden","BLKI337",78.253,15.508,"06-08","05-25","08-18"
"Isfjorden","BLKI887",78.253,15.508,"06-08","05-25","08-18"
"Isfjorden","BLKI798",78.253,15.508,"06-08","05-25","08-18"
"Isfjorden","BLKI888",78.253,15.508,"06-08","05-25","08-18"
"Isfjorden","BLKI799",78.253,15.508,"06-08","05-25","08-18"
"Isfjorden","BLKI056",78.253,15.508,"06-08","05-25","08-18"
"Isfjorden","BLKI800",78.253,15.508,"06-08","05-25","08-18"
"Isfjorden","BLKI705",78.253,15.508,"06-08","05-25","08-18"
"Isfjorden","BLKI143",78.253,15.508,"06-08","05-25","08-18"
"Isfjorden","BLKI525",78.253,15.508,"06-08","05-25","08-18"
"Isfjorden","BLKI612",78.253,15.508,"06-08","05-25","08-18"
"Isfjorden","BLKI613",78.253,15.508,"06-08","05-25","08-18"
"Isfjorden","BLKI805",78.253,15.508,"06-08","05-25","08-18"
"Isfjorden","BLKI437",78.253,15.508,"06-08","05-25","08-18"
"Isfjorden","BLKI806",78.253,15.508,"06-08","05-25","08-18"
"Isfjorden","BLKI713",78.253,15.508,"06-08","05-25","08-18"
"Isfjorden","BLKI235",78.253,15.508,"06-08","05-25","08-18"
"Isfjorden","BLKI614",78.253,15.508,"06-08","05-25","08-18"
"Isfjorden","BLKI615",78.253,15.508,"06-08","05-25","08-18"
"Isfjorden","BLKI526",78.253,15.508,"06-08","05-25","08-18"
"Isfjorden","BLKI236",78.253,15.508,"06-08","05-25","08-18"
"Isfjorden","BLKI891",78.253,15.508,"06-08","05-25","08-18"
"Isfjorden","BLKI892",78.253,15.508,"06-08","05-25","08-18"
"Isfjorden","BLKI340",78.253,15.508,"06-08","05-25","08-18"
"Isfjorden","BLKI894",78.253,15.508,"06-08","05-25","08-18"
"Isfjorden","BLKI906",78.253,15.508,"06-08","05-25","08-18"
"Isfjorden","BLKI648",78.253,15.508,"06-08","05-25","08-18"
"Isfjorden","BLKI175",78.253,15.508,"06-08","05-25","08-18"
"Isfjorden","BLKI461",78.253,15.508,"06-08","05-25","08-18"
"Isfjorden","BLKI565",78.253,15.508,"06-08","05-25","08-18"
"Isfjorden","BLKI462",78.253,15.508,"06-08","05-25","08-18"
"Isfjorden","BLKI469",78.253,15.508,"06-08","05-25","08-18"
"Isfjorden","BLKI571",78.253,15.508,"06-08","05-25","08-18"
"Isle of Canna","BLKI217",57.067,-6.527,"04-25","04-11","07-05"
"Isle of Canna","BLKI687",57.067,-6.527,"04-25","04-11","07-05"
"Isle of Canna","BLKI507",57.067,-6.527,"04-25","04-11","07-05"
"Isle of Canna","BLKI324",57.067,-6.527,"04-25","04-11","07-05"
"Isle of Canna","BLKI508",57.067,-6.527,"04-25","04-11","07-05"
"Isle of Canna","BLKI416",57.067,-6.527,"04-25","04-11","07-05"
"Isle of Canna","BLKI783",57.067,-6.527,"04-25","04-11","07-05"
"Isle of Canna","BLKI325",57.067,-6.527,"04-25","04-11","07-05"
"Isle of Canna","BLKI221",57.067,-6.527,"04-25","04-11","07-05"
"Isle of May","BLKI684",56.186,-2.558,"04-25","04-11","07-05"
"Isle of May","BLKI776",56.186,-2.558,"04-25","04-11","07-05"
"Isle of May","BLKI409",56.186,-2.558,"04-25","04-11","07-05"
"Isle of May","BLKI777",56.186,-2.558,"04-25","04-11","07-05"
"Isle of May","BLKI126",56.186,-2.558,"04-25","04-11","07-05"
"Isle of May","BLKI040",56.186,-2.558,"04-25","04-11","07-05"
"Isle of May","BLKI216",56.186,-2.558,"04-25","04-11","07-05"
"Isle of May","BLKI410",56.186,-2.558,"04-25","04-11","07-05"
"Isle of May","BLKI041",56.186,-2.558,"04-25","04-11","07-05"
"Isle of May","BLKI127",56.186,-2.558,"04-25","04-11","07-05"
"Isle of May","BLKI314",56.186,-2.558,"04-25","04-11","07-05"
"Isle of May","BLKI589",56.186,-2.558,"04-25","04-11","07-05"
"Isle of May","BLKI315",56.186,-2.558,"04-25","04-11","07-05"
"Isle of May","BLKI316",56.186,-2.558,"04-25","04-11","07-05"
"Isle of May","BLKI411",56.186,-2.558,"04-25","04-11","07-05"
"Isle of May","BLKI688",56.186,-2.558,"04-25","04-11","07-05"
"Isle of May","BLKI778",56.186,-2.558,"04-25","04-11","07-05"
"Isle of May","BLKI317",56.186,-2.558,"04-25","04-11","07-05"
"Isle of May","BLKI412",56.186,-2.558,"04-25","04-11","07-05"
"Isle of May","BLKI218",56.186,-2.558,"04-25","04-11","07-05"
"Isle of May","BLKI779",56.186,-2.558,"04-25","04-11","07-05"
"Isle of May","BLKI590",56.186,-2.558,"04-25","04-11","07-05"
"Isle of May","BLKI318",56.186,-2.558,"04-25","04-11","07-05"
"Isle of May","BLKI413",56.186,-2.558,"04-25","04-11","07-05"
"Isle of May","BLKI414",56.186,-2.558,"04-25","04-11","07-05"
"Isle of May","BLKI689",56.186,-2.558,"04-25","04-11","07-05"
"Isle of May","BLKI780",56.186,-2.558,"04-25","04-11","07-05"
"Isle of May","BLKI042",56.186,-2.558,"04-25","04-11","07-05"
"Isle of May","BLKI319",56.186,-2.558,"04-25","04-11","07-05"
"Isle of May","BLKI591",56.186,-2.558,"04-25","04-11","07-05"
"Isle of May","BLKI592",56.186,-2.558,"04-25","04-11","07-05"
"Isle of May","BLKI128",56.186,-2.558,"04-25","04-11","07-05"
"Isle of May","BLKI690",56.186,-2.558,"04-25","04-11","07-05"
"Isle of May","BLKI320",56.186,-2.558,"04-25","04-11","07-05"
"Isle of May","BLKI415",56.186,-2.558,"04-25","04-11","07-05"
"Isle of May","BLKI321",56.186,-2.558,"04-25","04-11","07-05"
"Isle of May","BLKI043",56.186,-2.558,"04-25","04-11","07-05"
"Isle of May","BLKI219",56.186,-2.558,"04-25","04-11","07-05"
"Isle of May","BLKI322",56.186,-2.558,"04-25","04-11","07-05"
"Isle of May","BLKI593",56.186,-2.558,"04-25","04-11","07-05"
"Isle of May","BLKI129",56.186,-2.558,"04-25","04-11","07-05"
"Isle of May","BLKI781",56.186,-2.558,"04-25","04-11","07-05"
"Isle of May","BLKI504",56.186,-2.558,"04-25","04-11","07-05"
"Isle of May","BLKI782",56.186,-2.558,"04-25","04-11","07-05"
"Isle of May","BLKI505",56.186,-2.558,"04-25","04-11","07-05"
"Isle of May","BLKI691",56.186,-2.558,"04-25","04-11","07-05"
"Isle of May","BLKI323",56.186,-2.558,"04-25","04-11","07-05"
"Isle of May","BLKI220",56.186,-2.558,"04-25","04-11","07-05"
"Isle of May","BLKI509",56.186,-2.558,"04-25","04-11","07-05"
"Isle of May","BLKI872",56.186,-2.558,"04-25","04-11","07-05"
"Isle of May","BLKI784",56.186,-2.558,"04-25","04-11","07-05"
"Isle of May","BLKI510",56.186,-2.558,"04-25","04-11","07-05"
"Isle of May","BLKI045",56.186,-2.558,"04-25","04-11","07-05"
"Isle of May","BLKI873",56.186,-2.558,"04-25","04-11","07-05"
"Isle of May","BLKI692",56.186,-2.558,"04-25","04-11","07-05"
"Isle of May","BLKI785",56.186,-2.558,"04-25","04-11","07-05"
"Kara Gate",NA,70.593,55.021,"06-15","06-01","08-25"
"Kara Gate","BLKI764",70.593,55.021,"06-15","06-01","08-25"
"Kara Gate","BLKI577",70.593,55.021,"06-15","06-01","08-25"
"Kara Gate","BLKI475",70.593,55.021,"06-15","06-01","08-25"
"Kara Gate","BLKI294",70.593,55.021,"06-15","06-01","08-25"
"Kara Gate","BLKI578",70.593,55.021,"06-15","06-01","08-25"
"Kara Gate","BLKI949",70.593,55.021,"06-15","06-01","08-25"
"Kara Gate","BLKI477",70.593,55.021,"06-15","06-01","08-25"
"Kara Gate","BLKI392",70.593,55.021,"06-15","06-01","08-25"
"Kara Gate","BLKI393",70.593,55.021,"06-15","06-01","08-25"
"Kara Gate","BLKI200",70.593,55.021,"06-15","06-01","08-25"
"Kara Gate","BLKI295",70.593,55.021,"06-15","06-01","08-25"
"Kara Gate","BLKI857",70.593,55.021,"06-15","06-01","08-25"
"Kara Gate","BLKI486",70.593,55.021,"06-15","06-01","08-25"
"Kara Gate","BLKI858",70.593,55.021,"06-15","06-01","08-25"
"Kara Gate","BLKI859",70.593,55.021,"06-15","06-01","08-25"
"Kara Gate","BLKI487",70.593,55.021,"06-15","06-01","08-25"
"Kara Gate","BLKI113",70.593,55.021,"06-15","06-01","08-25"
"Kara Gate","BLKI208",70.593,55.021,"06-15","06-01","08-25"
"Kara Gate","BLKI582",70.593,55.021,"06-15","06-01","08-25"
"Kara Gate","BLKI302",70.593,55.021,"06-15","06-01","08-25"
"Kara Gate","BLKI209",70.593,55.021,"06-15","06-01","08-25"
"Kara Gate","BLKI488",70.593,55.021,"06-15","06-01","08-25"
"Kara Gate","BLKI954",70.593,55.021,"06-15","06-01","08-25"
"Kara Gate","BLKI583",70.593,55.021,"06-15","06-01","08-25"
"Kara Gate","BLKI114",70.593,55.021,"06-15","06-01","08-25"
"Kara Gate","BLKI396",70.593,55.021,"06-15","06-01","08-25"
"Kara Gate","BLKI860",70.593,55.021,"06-15","06-01","08-25"
"Kara Gate","BLKI861",70.593,55.021,"06-15","06-01","08-25"
"Kara Gate","BLKI489",70.593,55.021,"06-15","06-01","08-25"
"Kippaku","BLKI588",73.717,-56.663,"05-28","05-14","08-07"
"Kippaku","BLKI213",73.717,-56.663,"05-28","05-14","08-07"
"Kippaku","BLKI214",73.717,-56.663,"05-28","05-14","08-07"
"Kippaku","BLKI501",73.717,-56.663,"05-28","05-14","08-07"
"Kippaku","BLKI774",73.717,-56.663,"05-28","05-14","08-07"
"Kippaku","BLKI775",73.717,-56.663,"05-28","05-14","08-07"
"Kippaku","BLKI039",73.717,-56.663,"05-28","05-14","08-07"
"Kippaku","BLKI124",73.717,-56.663,"05-28","05-14","08-07"
"Kippaku","BLKI405",73.717,-56.663,"05-28","05-14","08-07"
"Kippaku","BLKI125",73.717,-56.663,"05-28","05-14","08-07"
"Kippaku","BLKI215",73.717,-56.663,"05-28","05-14","08-07"
"Kippaku","BLKI502",73.717,-56.663,"05-28","05-14","08-07"
"Kongsfjorden","BLKI010",78.9,12.217,"06-05","05-22","08-15"
"Kongsfjorden","BLKI011",78.9,12.217,"06-05","05-22","08-15"
"Kongsfjorden","BLKI014",78.9,12.217,"06-05","05-22","08-15"
"Kongsfjorden","BLKI015",78.9,12.217,"06-05","05-22","08-15"
"Kongsfjorden",NA,78.9,12.217,"06-05","05-22","08-15"
"Kongsfjorden","BLKI016",78.9,12.217,"06-05","05-22","08-15"
"Kongsfjorden","BLKI017",78.9,12.217,"06-05","05-22","08-15"
"Kongsfjorden","BLKI018",78.9,12.217,"06-05","05-22","08-15"
"Kongsfjorden","BLKI019",78.9,12.217,"06-05","05-22","08-15"
"Kongsfjorden","BLKI020",78.9,12.217,"06-05","05-22","08-15"
"Kongsfjorden","BLKI021",78.9,12.217,"06-05","05-22","08-15"
"Kongsfjorden","BLKI023",78.9,12.217,"06-05","05-22","08-15"
"Kongsfjorden","BLKI027",78.9,12.217,"06-05","05-22","08-15"
"Kongsfjorden","BLKI028",78.9,12.217,"06-05","05-22","08-15"
"Kongsfjorden","BLKI029",78.9,12.217,"06-05","05-22","08-15"
"Kongsfjorden","BLKI030",78.9,12.217,"06-05","05-22","08-15"
"Kongsfjorden","BLKI134",78.9,12.217,"06-05","05-22","08-15"
"Kongsfjorden","BLKI796",78.9,12.217,"06-05","05-22","08-15"
"Kongsfjorden","BLKI518",78.9,12.217,"06-05","05-22","08-15"
"Kongsfjorden","BLKI424",78.9,12.217,"06-05","05-22","08-15"
"Kongsfjorden","BLKI608",78.9,12.217,"06-05","05-22","08-15"
"Kongsfjorden","BLKI141",78.9,12.217,"06-05","05-22","08-15"
"Kongsfjorden","BLKI059",78.9,12.217,"06-05","05-22","08-15"
"Kongsfjorden","BLKI804",78.9,12.217,"06-05","05-22","08-15"
"Kongsfjorden","BLKI524",78.9,12.217,"06-05","05-22","08-15"
"Kongsfjorden","BLKI341",78.9,12.217,"06-05","05-22","08-15"
"Kongsfjorden","BLKI344",78.9,12.217,"06-05","05-22","08-15"
"Kongsfjorden","BLKI345",78.9,12.217,"06-05","05-22","08-15"
"Kongsfjorden","BLKI240",78.9,12.217,"06-05","05-22","08-15"
"Kongsfjorden","BLKI062",78.9,12.217,"06-05","05-22","08-15"
"Kongsfjorden","BLKI241",78.9,12.217,"06-05","05-22","08-15"
"Kongsfjorden","BLKI821",78.9,12.217,"06-05","05-22","08-15"
"Kongsfjorden","BLKI448",78.9,12.217,"06-05","05-22","08-15"
"Kongsfjorden","BLKI630",78.9,12.217,"06-05","05-22","08-15"
"Kongsfjorden","BLKI829",78.9,12.217,"06-05","05-22","08-15"
"Kongsfjorden","BLKI735",78.9,12.217,"06-05","05-22","08-15"
"Kongsfjorden","BLKI168",78.9,12.217,"06-05","05-22","08-15"
"Kongsfjorden","BLKI169",78.9,12.217,"06-05","05-22","08-15"
"Kongsfjorden","BLKI736",78.9,12.217,"06-05","05-22","08-15"
"Kongsfjorden","BLKI170",78.9,12.217,"06-05","05-22","08-15"
"Kongsfjorden","BLKI263",78.9,12.217,"06-05","05-22","08-15"
"Kongsfjorden","BLKI830",78.9,12.217,"06-05","05-22","08-15"
"Kongsfjorden","BLKI831",78.9,12.217,"06-05","05-22","08-15"
"Kongsfjorden","BLKI551",78.9,12.217,"06-05","05-22","08-15"
"Kongsfjorden","BLKI640",78.9,12.217,"06-05","05-22","08-15"
"Kongsfjorden","BLKI264",78.9,12.217,"06-05","05-22","08-15"
"Kongsfjorden","BLKI365",78.9,12.217,"06-05","05-22","08-15"
"Kongsfjorden","BLKI832",78.9,12.217,"06-05","05-22","08-15"
"Kongsfjorden","BLKI737",78.9,12.217,"06-05","05-22","08-15"
"Kongsfjorden","BLKI641",78.9,12.217,"06-05","05-22","08-15"
"Kongsfjorden","BLKI642",78.9,12.217,"06-05","05-22","08-15"
"Kongsfjorden","BLKI739",78.9,12.217,"06-05","05-22","08-15"
"Kongsfjorden","BLKI083",78.9,12.217,"06-05","05-22","08-15"
"Kongsfjorden","BLKI366",78.9,12.217,"06-05","05-22","08-15"
"Kongsfjorden","BLKI833",78.9,12.217,"06-05","05-22","08-15"
"Kongsfjorden","BLKI367",78.9,12.217,"06-05","05-22","08-15"
"Kongsfjorden","BLKI265",78.9,12.217,"06-05","05-22","08-15"
"Kongsfjorden","BLKI171",78.9,12.217,"06-05","05-22","08-15"
"Kongsfjorden","BLKI084",78.9,12.217,"06-05","05-22","08-15"
"Kongsfjorden","BLKI835",78.9,12.217,"06-05","05-22","08-15"
"Kongsfjorden","BLKI174",78.9,12.217,"06-05","05-22","08-15"
"Kongsfjorden","BLKI454",78.9,12.217,"06-05","05-22","08-15"
"Kongsfjorden","BLKI923",78.9,12.217,"06-05","05-22","08-15"
"Kongsfjorden","BLKI647",78.9,12.217,"06-05","05-22","08-15"
"Kongsfjorden","BLKI924",78.9,12.217,"06-05","05-22","08-15"
"Kongsfjorden","BLKI925",78.9,12.217,"06-05","05-22","08-15"
"Kongsfjorden","BLKI926",78.9,12.217,"06-05","05-22","08-15"
"Kongsfjorden","BLKI087",78.9,12.217,"06-05","05-22","08-15"
"Kongsfjorden","BLKI370",78.9,12.217,"06-05","05-22","08-15"
"Kongsfjorden","BLKI927",78.9,12.217,"06-05","05-22","08-15"
"Kongsfjorden","BLKI371",78.9,12.217,"06-05","05-22","08-15"
"Kongsfjorden","BLKI743",78.9,12.217,"06-05","05-22","08-15"
"Kongsfjorden","BLKI556",78.9,12.217,"06-05","05-22","08-15"
"Kongsfjorden","BLKI836",78.9,12.217,"06-05","05-22","08-15"
"Kongsfjorden","BLKI455",78.9,12.217,"06-05","05-22","08-15"
"Kongsfjorden","BLKI928",78.9,12.217,"06-05","05-22","08-15"
"Kongsfjorden","BLKI557",78.9,12.217,"06-05","05-22","08-15"
"Kongsfjorden","BLKI456",78.9,12.217,"06-05","05-22","08-15"
"Kongsfjorden","BLKI372",78.9,12.217,"06-05","05-22","08-15"
"Kongsfjorden","BLKI457",78.9,12.217,"06-05","05-22","08-15"
"Kongsfjorden","BLKI558",78.9,12.217,"06-05","05-22","08-15"
"Kongsfjorden","BLKI176",78.9,12.217,"06-05","05-22","08-15"
"Kongsfjorden","BLKI373",78.9,12.217,"06-05","05-22","08-15"
"Kongsfjorden","BLKI275",78.9,12.217,"06-05","05-22","08-15"
"Kongsfjorden","BLKI177",78.9,12.217,"06-05","05-22","08-15"
"Kongsfjorden","BLKI930",78.9,12.217,"06-05","05-22","08-15"
"Kongsfjorden","BLKI091",78.9,12.217,"06-05","05-22","08-15"
"Kongsfjorden","BLKI279",78.9,12.217,"06-05","05-22","08-15"
"Kongsfjorden","BLKI280",78.9,12.217,"06-05","05-22","08-15"
"Kongsfjorden","BLKI092",78.9,12.217,"06-05","05-22","08-15"
"Kongsfjorden","BLKI281",78.9,12.217,"06-05","05-22","08-15"
"Kongsfjorden","BLKI749",78.9,12.217,"06-05","05-22","08-15"
"Kongsfjorden","BLKI839",78.9,12.217,"06-05","05-22","08-15"
"Kongsfjorden","BLKI093",78.9,12.217,"06-05","05-22","08-15"
"Kongsfjorden","BLKI094",78.9,12.217,"06-05","05-22","08-15"
"Kongsfjorden","BLKI377",78.9,12.217,"06-05","05-22","08-15"
"Kongsfjorden","BLKI460",78.9,12.217,"06-05","05-22","08-15"
"Kongsfjorden","BLKI656",78.9,12.217,"06-05","05-22","08-15"
"Kongsfjorden","BLKI657",78.9,12.217,"06-05","05-22","08-15"
"Kongsfjorden","BLKI750",78.9,12.217,"06-05","05-22","08-15"
"Kongsfjorden","BLKI658",78.9,12.217,"06-05","05-22","08-15"
"Kongsfjorden","BLKI659",78.9,12.217,"06-05","05-22","08-15"
"Kongsfjorden","BLKI932",78.9,12.217,"06-05","05-22","08-15"
"Kongsfjorden","BLKI840",78.9,12.217,"06-05","05-22","08-15"
"Kongsfjorden","BLKI751",78.9,12.217,"06-05","05-22","08-15"
"Kongsfjorden","BLKI841",78.9,12.217,"06-05","05-22","08-15"
"Kongsfjorden","BLKI933",78.9,12.217,"06-05","05-22","08-15"
"Kongsfjorden","BLKI467",78.9,12.217,"06-05","05-22","08-15"
"Kongsfjorden","BLKI567",78.9,12.217,"06-05","05-22","08-15"
"Kongsfjorden","BLKI098",78.9,12.217,"06-05","05-22","08-15"
"Kongsfjorden","BLKI754",78.9,12.217,"06-05","05-22","08-15"
"Kongsfjorden","BLKI755",78.9,12.217,"06-05","05-22","08-15"
"Kongsfjorden","BLKI285",78.9,12.217,"06-05","05-22","08-15"
"Kongsfjorden","BLKI935",78.9,12.217,"06-05","05-22","08-15"
"Kongsfjorden","BLKI936",78.9,12.217,"06-05","05-22","08-15"
"Kongsfjorden","BLKI568",78.9,12.217,"06-05","05-22","08-15"
"Kongsfjorden","BLKI844",78.9,12.217,"06-05","05-22","08-15"
"Kongsfjorden","BLKI756",78.9,12.217,"06-05","05-22","08-15"
"Kongsfjorden","BLKI468",78.9,12.217,"06-05","05-22","08-15"
"Kongsfjorden","BLKI384",78.9,12.217,"06-05","05-22","08-15"
"Kongsfjorden","BLKI099",78.9,12.217,"06-05","05-22","08-15"
"Kongsfjorden","BLKI569",78.9,12.217,"06-05","05-22","08-15"
"Kongsfjorden","BLKI385",78.9,12.217,"06-05","05-22","08-15"
"Kongsfjorden","BLKI937",78.9,12.217,"06-05","05-22","08-15"
"Kongsfjorden","BLKI100",78.9,12.217,"06-05","05-22","08-15"
"Kongsfjorden","BLKI938",78.9,12.217,"06-05","05-22","08-15"
"Kongsfjorden","BLKI845",78.9,12.217,"06-05","05-22","08-15"
"Kongsfjorden","BLKI846",78.9,12.217,"06-05","05-22","08-15"
"Kongsfjorden","BLKI661",78.9,12.217,"06-05","05-22","08-15"
"Kongsfjorden","BLKI570",78.9,12.217,"06-05","05-22","08-15"
"Kongsfjorden","BLKI188",78.9,12.217,"06-05","05-22","08-15"
"Kongsfjorden","BLKI101",78.9,12.217,"06-05","05-22","08-15"
"Kongsfjorden","BLKI847",78.9,12.217,"06-05","05-22","08-15"
"Kongsfjorden","BLKI757",78.9,12.217,"06-05","05-22","08-15"
"Kongsfjorden","BLKI939",78.9,12.217,"06-05","05-22","08-15"
"Kongsfjorden","BLKI189",78.9,12.217,"06-05","05-22","08-15"
"Kongsfjorden","BLKI758",78.9,12.217,"06-05","05-22","08-15"
"Kongsfjorden","BLKI940",78.9,12.217,"06-05","05-22","08-15"
"Kongsfjorden","BLKI941",78.9,12.217,"06-05","05-22","08-15"
"Kongsfjorden","BLKI662",78.9,12.217,"06-05","05-22","08-15"
"Kongsfjorden","BLKI190",78.9,12.217,"06-05","05-22","08-15"
"Kongsfjorden","BLKI942",78.9,12.217,"06-05","05-22","08-15"
"Kongsfjorden","BLKI943",78.9,12.217,"06-05","05-22","08-15"
"Kongsfjorden","BLKI386",78.9,12.217,"06-05","05-22","08-15"
"Kongsfjorden","BLKI944",78.9,12.217,"06-05","05-22","08-15"
"Kongsfjorden","BLKI663",78.9,12.217,"06-05","05-22","08-15"
"Kongsfjorden","BLKI664",78.9,12.217,"06-05","05-22","08-15"
"Kongsfjorden","BLKI848",78.9,12.217,"06-05","05-22","08-15"
"Langanes","BLKI222",66.35,-14.65,"05-28","05-14","08-07"
"Langanes","BLKI046",66.35,-14.65,"05-28","05-14","08-07"
"Langanes","BLKI786",66.35,-14.65,"05-28","05-14","08-07"
"Langanes","BLKI594",66.35,-14.65,"05-28","05-14","08-07"
"Langanes","BLKI874",66.35,-14.65,"05-28","05-14","08-07"
"Langanes","BLKI787",66.35,-14.65,"05-28","05-14","08-07"
"Langanes","BLKI595",66.35,-14.65,"05-28","05-14","08-07"
"Langanes","BLKI417",66.35,-14.65,"05-28","05-14","08-07"
"Langanes","BLKI788",66.35,-14.65,"05-28","05-14","08-07"
"Langanes","BLKI789",66.35,-14.65,"05-28","05-14","08-07"
"Langanes","BLKI596",66.35,-14.65,"05-28","05-14","08-07"
"Langanes","BLKI597",66.35,-14.65,"05-28","05-14","08-07"
"Langanes","BLKI326",66.35,-14.65,"05-28","05-14","08-07"
"Langanes","BLKI418",66.35,-14.65,"05-28","05-14","08-07"
"Langanes","BLKI223",66.35,-14.65,"05-28","05-14","08-07"
"Langanes","BLKI790",66.35,-14.65,"05-28","05-14","08-07"
"Langanes","BLKI693",66.35,-14.65,"05-28","05-14","08-07"
"Langanes","BLKI130",66.35,-14.65,"05-28","05-14","08-07"
"Langanes","BLKI598",66.35,-14.65,"05-28","05-14","08-07"
"Langanes","BLKI694",66.35,-14.65,"05-28","05-14","08-07"
"Langanes","BLKI875",66.35,-14.65,"05-28","05-14","08-07"
"Langanes","BLKI047",66.35,-14.65,"05-28","05-14","08-07"
"Langanes","BLKI132",66.35,-14.65,"05-28","05-14","08-07"
"Langanes","BLKI600",66.35,-14.65,"05-28","05-14","08-07"
"Langanes","BLKI420",66.35,-14.65,"05-28","05-14","08-07"
"Langanes","BLKI421",66.35,-14.65,"05-28","05-14","08-07"
"Langanes","BLKI511",66.35,-14.65,"05-28","05-14","08-07"
"Langanes","BLKI224",66.35,-14.65,"05-28","05-14","08-07"
"Langanes","BLKI512",66.35,-14.65,"05-28","05-14","08-07"
"Langanes","BLKI513",66.35,-14.65,"05-28","05-14","08-07"
"Langanes","BLKI877",66.35,-14.65,"05-28","05-14","08-07"
"Langanes","BLKI329",66.35,-14.65,"05-28","05-14","08-07"
"Langanes","BLKI048",66.35,-14.65,"05-28","05-14","08-07"
"Rockabill","BLKI685",53.601,-6.003,"05-09","04-25","07-19"
"Rockabill","BLKI313",53.601,-6.003,"05-09","04-25","07-19"
"Rockabill","BLKI870",53.601,-6.003,"05-09","04-25","07-19"
"Rockabill","BLKI686",53.601,-6.003,"05-09","04-25","07-19"
"Rockabill","BLKI503",53.601,-6.003,"05-09","04-25","07-19"
"Rockabill","BLKI871",53.601,-6.003,"05-09","04-25","07-19"
"Rockabill","BLKI506",53.601,-6.003,"05-09","04-25","07-19"
"Rockabill","BLKI044",53.601,-6.003,"05-09","04-25","07-19"
"Røst","BLKI878",67.447,11.91,"04-10","03-27","06-20"
"Røst","BLKI330",67.447,11.91,"04-10","03-27","06-20"
"Røst","BLKI331",67.447,11.91,"04-10","03-27","06-20"
"Røst","BLKI879",67.447,11.91,"04-10","03-27","06-20"
"Røst","BLKI695",67.447,11.91,"04-10","03-27","06-20"
"Røst","BLKI332",67.447,11.91,"04-10","03-27","06-20"
"Røst","BLKI880",67.447,11.91,"04-10","03-27","06-20"
"Røst","BLKI422",67.447,11.91,"04-10","03-27","06-20"
"Røst","BLKI049",67.447,11.91,"04-10","03-27","06-20"
"Røst","BLKI696",67.447,11.91,"04-10","03-27","06-20"
"Røst","BLKI881",67.447,11.91,"04-10","03-27","06-20"
"Røst","BLKI882",67.447,11.91,"04-10","03-27","06-20"
"Røst","BLKI133",67.447,11.91,"04-10","03-27","06-20"
"Røst","BLKI697",67.447,11.91,"04-10","03-27","06-20"
"Røst","BLKI050",67.447,11.91,"04-10","03-27","06-20"
"Røst","BLKI601",67.447,11.91,"04-10","03-27","06-20"
"Røst","BLKI883",67.447,11.91,"04-10","03-27","06-20"
"Røst","BLKI225",67.447,11.91,"04-10","03-27","06-20"
"Røst","BLKI726",67.447,11.91,"04-10","03-27","06-20"
"Røst","BLKI916",67.447,11.91,"04-10","03-27","06-20"
"Røst","BLKI633",67.447,11.91,"04-10","03-27","06-20"
"Røst","BLKI544",67.447,11.91,"04-10","03-27","06-20"
"Røst","BLKI545",67.447,11.91,"04-10","03-27","06-20"
"Røst","BLKI546",67.447,11.91,"04-10","03-27","06-20"
"Røst","BLKI727",67.447,11.91,"04-10","03-27","06-20"
"Røst","BLKI917",67.447,11.91,"04-10","03-27","06-20"
"Røst","BLKI728",67.447,11.91,"04-10","03-27","06-20"
"Røst","BLKI729",67.447,11.91,"04-10","03-27","06-20"
"Røst","BLKI364",67.447,11.91,"04-10","03-27","06-20"
"Røst","BLKI081",67.447,11.91,"04-10","03-27","06-20"
"Røst","BLKI547",67.447,11.91,"04-10","03-27","06-20"
"Røst","BLKI634",67.447,11.91,"04-10","03-27","06-20"
"Røst","BLKI730",67.447,11.91,"04-10","03-27","06-20"
"Røst","BLKI635",67.447,11.91,"04-10","03-27","06-20"
"Røst","BLKI636",67.447,11.91,"04-10","03-27","06-20"
"Røst","BLKI827",67.447,11.91,"04-10","03-27","06-20"
"Røst","BLKI637",67.447,11.91,"04-10","03-27","06-20"
"Røst","BLKI731",67.447,11.91,"04-10","03-27","06-20"
"Røst","BLKI450",67.447,11.91,"04-10","03-27","06-20"
"Røst","BLKI258",67.447,11.91,"04-10","03-27","06-20"
"Røst","BLKI548",67.447,11.91,"04-10","03-27","06-20"
"Røst","BLKI638",67.447,11.91,"04-10","03-27","06-20"
"Røst","BLKI549",67.447,11.91,"04-10","03-27","06-20"
"Røst","BLKI082",67.447,11.91,"04-10","03-27","06-20"
"Røst","BLKI259",67.447,11.91,"04-10","03-27","06-20"
"Røst","BLKI732",67.447,11.91,"04-10","03-27","06-20"
"Røst","BLKI550",67.447,11.91,"04-10","03-27","06-20"
"Røst","BLKI733",67.447,11.91,"04-10","03-27","06-20"
"Røst","BLKI167",67.447,11.91,"04-10","03-27","06-20"
"Røst",NA,67.447,11.91,"04-10","03-27","06-20"
"Røst","BLKI451",67.447,11.91,"04-10","03-27","06-20"
"Røst","BLKI452",67.447,11.91,"04-10","03-27","06-20"
"Røst","BLKI260",67.447,11.91,"04-10","03-27","06-20"
"Røst","BLKI734",67.447,11.91,"04-10","03-27","06-20"
"Røst","BLKI261",67.447,11.91,"04-10","03-27","06-20"
"Røst","BLKI262",67.447,11.91,"04-10","03-27","06-20"
"Røst","BLKI828",67.447,11.91,"04-10","03-27","06-20"
"Røst","BLKI639",67.447,11.91,"04-10","03-27","06-20"
"Runde and Ålesund","BLKI794",62.436,5.874,"05-19","05-05","07-29"
"Runde and Ålesund","BLKI064",62.436,5.874,"05-19","05-05","07-29"
"Runde and Ålesund","BLKI900",62.436,5.874,"05-19","05-05","07-29"
"Runde and Ålesund","BLKI242",62.436,5.874,"05-19","05-05","07-29"
"Runde and Ålesund","BLKI532",62.436,5.874,"05-19","05-05","07-29"
"Runde and Ålesund","BLKI716",62.436,5.874,"05-19","05-05","07-29"
"Runde and Ålesund","BLKI065",62.436,5.874,"05-19","05-05","07-29"
"Runde and Ålesund","BLKI347",62.436,5.874,"05-19","05-05","07-29"
"Runde and Ålesund","BLKI621",62.436,5.874,"05-19","05-05","07-29"
"Runde and Ålesund","BLKI533",62.436,5.874,"05-19","05-05","07-29"
"Runde and Ålesund","BLKI066",62.436,5.874,"05-19","05-05","07-29"
"Runde and Ålesund","BLKI440",62.436,5.874,"05-19","05-05","07-29"
"Runde and Ålesund","BLKI243",62.436,5.874,"05-19","05-05","07-29"
"Runde and Ålesund","BLKI348",62.436,5.874,"05-19","05-05","07-29"
"Runde and Ålesund","BLKI154",62.436,5.874,"05-19","05-05","07-29"
"Runde and Ålesund","BLKI349",62.436,5.874,"05-19","05-05","07-29"
"Runde and Ålesund","BLKI244",62.436,5.874,"05-19","05-05","07-29"
"Runde and Ålesund","BLKI717",62.436,5.874,"05-19","05-05","07-29"
"Runde and Ålesund","BLKI622",62.436,5.874,"05-19","05-05","07-29"
"Runde and Ålesund","BLKI901",62.436,5.874,"05-19","05-05","07-29"
"Runde and Ålesund","BLKI350",62.436,5.874,"05-19","05-05","07-29"
"Runde and Ålesund","BLKI067",62.436,5.874,"05-19","05-05","07-29"
"Runde and Ålesund","BLKI808",62.436,5.874,"05-19","05-05","07-29"
"Runde and Ålesund","BLKI902",62.436,5.874,"05-19","05-05","07-29"
"Runde and Ålesund","BLKI245",62.436,5.874,"05-19","05-05","07-29"
"Runde and Ålesund","BLKI623",62.436,5.874,"05-19","05-05","07-29"
"Runde and Ålesund","BLKI351",62.436,5.874,"05-19","05-05","07-29"
"Runde and Ålesund","BLKI441",62.436,5.874,"05-19","05-05","07-29"
"Runde and Ålesund",NA,62.436,5.874,"05-19","05-05","07-29"
"Runde and Ålesund",NA,62.436,5.874,"05-19","05-05","07-29"
"Runde and Ålesund","BLKI809",62.436,5.874,"05-19","05-05","07-29"
"Runde and Ålesund","BLKI718",62.436,5.874,"05-19","05-05","07-29"
"Runde and Ålesund","BLKI903",62.436,5.874,"05-19","05-05","07-29"
"Runde and Ålesund","BLKI534",62.436,5.874,"05-19","05-05","07-29"
"Runde and Ålesund","BLKI624",62.436,5.874,"05-19","05-05","07-29"
"Runde and Ålesund","BLKI068",62.436,5.874,"05-19","05-05","07-29"
"Runde and Ålesund","BLKI352",62.436,5.874,"05-19","05-05","07-29"
"Runde and Ålesund","BLKI453",62.436,5.874,"05-19","05-05","07-29"
"Runde and Ålesund","BLKI741",62.436,5.874,"05-19","05-05","07-29"
"Runde and Ålesund","BLKI271",62.436,5.874,"05-19","05-05","07-29"
"Runde and Ålesund","BLKI272",62.436,5.874,"05-19","05-05","07-29"
"Runde and Ålesund","BLKI921",62.436,5.874,"05-19","05-05","07-29"
"Runde and Ålesund","BLKI922",62.436,5.874,"05-19","05-05","07-29"
"Runde and Ålesund","BLKI553",62.436,5.874,"05-19","05-05","07-29"
"Runde and Ålesund","BLKI273",62.436,5.874,"05-19","05-05","07-29"
"Runde and Ålesund","BLKI554",62.436,5.874,"05-19","05-05","07-29"
"Runde and Ålesund","BLKI742",62.436,5.874,"05-19","05-05","07-29"
"Runde and Ålesund","BLKI173",62.436,5.874,"05-19","05-05","07-29"
"Runde and Ålesund","BLKI274",62.436,5.874,"05-19","05-05","07-29"
"Runde and Ålesund","BLKI843",62.436,5.874,"05-19","05-05","07-29"
"Runde and Ålesund","BLKI283",62.436,5.874,"05-19","05-05","07-29"
"Runde and Ålesund",NA,62.436,5.874,"05-19","05-05","07-29"
"Runde and Ålesund","BLKI753",62.436,5.874,"05-19","05-05","07-29"
"Runde and Ålesund",NA,62.436,5.874,"05-19","05-05","07-29"
"Runde and Ålesund",NA,62.436,5.874,"05-19","05-05","07-29"
"Runde and Ålesund","BLKI097",62.436,5.874,"05-19","05-05","07-29"
"Runde and Ålesund","BLKI284",62.436,5.874,"05-19","05-05","07-29"
"Runde and Ålesund","BLKI187",62.436,5.874,"05-19","05-05","07-29"
"Runde and Ålesund","BLKI381",62.436,5.874,"05-19","05-05","07-29"
"Runde and Ålesund","BLKI465",62.436,5.874,"05-19","05-05","07-29"
"Runde and Ålesund",NA,62.436,5.874,"05-19","05-05","07-29"
"Runde and Ålesund","BLKI660",62.436,5.874,"05-19","05-05","07-29"
"Runde and Ålesund","BLKI466",62.436,5.874,"05-19","05-05","07-29"
"Runde and Ålesund","BLKI382",62.436,5.874,"05-19","05-05","07-29"
"Runde and Ålesund","BLKI383",62.436,5.874,"05-19","05-05","07-29"
"Russkaya Gavan","BLKI950",76.2,62.583333,"06-15","06-01","08-25"
"Russkaya Gavan","BLKI201",76.2,62.583333,"06-15","06-01","08-25"
"Russkaya Gavan","BLKI765",76.2,62.583333,"06-15","06-01","08-25"
"Russkaya Gavan","BLKI106",76.2,62.583333,"06-15","06-01","08-25"
"Russkaya Gavan","BLKI202",76.2,62.583333,"06-15","06-01","08-25"
"Russkaya Gavan","BLKI673",76.2,62.583333,"06-15","06-01","08-25"
"Russkaya Gavan","BLKI297",76.2,62.583333,"06-15","06-01","08-25"
"Russkaya Gavan","BLKI203",76.2,62.583333,"06-15","06-01","08-25"
"Russkaya Gavan","BLKI298",76.2,62.583333,"06-15","06-01","08-25"
"Russkaya Gavan","BLKI107",76.2,62.583333,"06-15","06-01","08-25"
"Russkaya Gavan","BLKI108",76.2,62.583333,"06-15","06-01","08-25"
"Russkaya Gavan","BLKI479",76.2,62.583333,"06-15","06-01","08-25"
"Russkaya Gavan","BLKI674",76.2,62.583333,"06-15","06-01","08-25"
"Russkaya Gavan","BLKI675",76.2,62.583333,"06-15","06-01","08-25"
"Russkaya Gavan","BLKI299",76.2,62.583333,"06-15","06-01","08-25"
"Russkaya Gavan","BLKI480",76.2,62.583333,"06-15","06-01","08-25"
"Russkaya Gavan","BLKI115",76.2,62.583333,"06-15","06-01","08-25"
"Russkaya Gavan","BLKI862",76.2,62.583333,"06-15","06-01","08-25"
"Sermilinnguaq","BLKI397",65.417,-52.9,"05-28","05-14","08-07"
"Sermilinnguaq","BLKI398",65.417,-52.9,"05-28","05-14","08-07"
"Sermilinnguaq","BLKI771",65.417,-52.9,"05-28","05-14","08-07"
"Sermilinnguaq","BLKI033",65.417,-52.9,"05-28","05-14","08-07"
"Sermilinnguaq","BLKI399",65.417,-52.9,"05-28","05-14","08-07"
"Sermilinnguaq","BLKI678",65.417,-52.9,"05-28","05-14","08-07"
"Sermilinnguaq","BLKI034",65.417,-52.9,"05-28","05-14","08-07"
"Sermilinnguaq","BLKI211",65.417,-52.9,"05-28","05-14","08-07"
"Sermilinnguaq","BLKI866",65.417,-52.9,"05-28","05-14","08-07"
"Sermilinnguaq","BLKI867",65.417,-52.9,"05-28","05-14","08-07"
"Sermilinnguaq","BLKI495",65.417,-52.9,"05-28","05-14","08-07"
"Sermilinnguaq","BLKI496",65.417,-52.9,"05-28","05-14","08-07"
"Skjalfandi","BLKI791",65.99,-17.41,"05-28","05-14","08-07"
"Skjalfandi","BLKI599",65.99,-17.41,"05-28","05-14","08-07"
"Skjalfandi","BLKI792",65.99,-17.41,"05-28","05-14","08-07"
"Skjalfandi","BLKI131",65.99,-17.41,"05-28","05-14","08-07"
"Skjalfandi","BLKI793",65.99,-17.41,"05-28","05-14","08-07"
"Skjalfandi","BLKI876",65.99,-17.41,"05-28","05-14","08-07"
"Skjalfandi","BLKI327",65.99,-17.41,"05-28","05-14","08-07"
"Skjalfandi","BLKI328",65.99,-17.41,"05-28","05-14","08-07"
"Skjalfandi","BLKI419",65.99,-17.41,"05-28","05-14","08-07"
"Sklinna","BLKI700",65.202,10.995,"04-25","04-11","07-05"
"Sklinna","BLKI137",65.202,10.995,"04-25","04-11","07-05"
"Sklinna","BLKI228",65.202,10.995,"04-25","04-11","07-05"
"Sklinna","BLKI054",65.202,10.995,"04-25","04-11","07-05"
"Sklinna","BLKI602",65.202,10.995,"04-25","04-11","07-05"
"Sklinna","BLKI603",65.202,10.995,"04-25","04-11","07-05"
"Sklinna","BLKI797",65.202,10.995,"04-25","04-11","07-05"
"Sklinna","BLKI138",65.202,10.995,"04-25","04-11","07-05"
"Sklinna","BLKI604",65.202,10.995,"04-25","04-11","07-05"
"Sklinna","BLKI425",65.202,10.995,"04-25","04-11","07-05"
"Sklinna","BLKI336",65.202,10.995,"04-25","04-11","07-05"
"Sklinna","BLKI605",65.202,10.995,"04-25","04-11","07-05"
"Sklinna","BLKI229",65.202,10.995,"04-25","04-11","07-05"
"Sklinna","BLKI606",65.202,10.995,"04-25","04-11","07-05"
"Sklinna",NA,65.202,10.995,"04-25","04-11","07-05"
"Sklinna","BLKI701",65.202,10.995,"04-25","04-11","07-05"
"Sklinna","BLKI139",65.202,10.995,"04-25","04-11","07-05"
"Sklinna","BLKI884",65.202,10.995,"04-25","04-11","07-05"
"Sklinna","BLKI702",65.202,10.995,"04-25","04-11","07-05"
"Sklinna","BLKI140",65.202,10.995,"04-25","04-11","07-05"
"Sklinna","BLKI055",65.202,10.995,"04-25","04-11","07-05"
"Sklinna","BLKI885",65.202,10.995,"04-25","04-11","07-05"
"Sklinna","BLKI426",65.202,10.995,"04-25","04-11","07-05"
"Sklinna","BLKI427",65.202,10.995,"04-25","04-11","07-05"
"Sklinna","BLKI886",65.202,10.995,"04-25","04-11","07-05"
"Sklinna","BLKI703",65.202,10.995,"04-25","04-11","07-05"
"Sklinna","BLKI607",65.202,10.995,"04-25","04-11","07-05"
"Sklinna","BLKI230",65.202,10.995,"04-25","04-11","07-05"
"Sklinna","BLKI519",65.202,10.995,"04-25","04-11","07-05"
"Sklinna","BLKI704",65.202,10.995,"04-25","04-11","07-05"
"Sklinna","BLKI353",65.202,10.995,"04-25","04-11","07-05"
"Sklinna",NA,65.202,10.995,"04-25","04-11","07-05"
"Sklinna",NA,65.202,10.995,"04-25","04-11","07-05"
"Sklinna",NA,65.202,10.995,"04-25","04-11","07-05"
"Sklinna",NA,65.202,10.995,"04-25","04-11","07-05"
"Sklinna",NA,65.202,10.995,"04-25","04-11","07-05"
"Sklinna",NA,65.202,10.995,"04-25","04-11","07-05"
"Sklinna",NA,65.202,10.995,"04-25","04-11","07-05"
"Sklinna","BLKI165",65.202,10.995,"04-25","04-11","07-05"
"Sklinna","BLKI632",65.202,10.995,"04-25","04-11","07-05"
"Sklinna","BLKI724",65.202,10.995,"04-25","04-11","07-05"
"Sklinna","BLKI362",65.202,10.995,"04-25","04-11","07-05"
"Sklinna","BLKI257",65.202,10.995,"04-25","04-11","07-05"
"Sklinna","BLKI826",65.202,10.995,"04-25","04-11","07-05"
"Sklinna",NA,65.202,10.995,"04-25","04-11","07-05"
"Sklinna","BLKI725",65.202,10.995,"04-25","04-11","07-05"
"Sklinna","BLKI166",65.202,10.995,"04-25","04-11","07-05"
"Sklinna","BLKI363",65.202,10.995,"04-25","04-11","07-05"
"Sklinna","BLKI919",65.202,10.995,"04-25","04-11","07-05"
"Sklinna","BLKI645",65.202,10.995,"04-25","04-11","07-05"
"Sklinna","BLKI267",65.202,10.995,"04-25","04-11","07-05"
"Sklinna","BLKI646",65.202,10.995,"04-25","04-11","07-05"
"Sklinna","BLKI834",65.202,10.995,"04-25","04-11","07-05"
"Sklinna","BLKI085",65.202,10.995,"04-25","04-11","07-05"
"Sklinna","BLKI920",65.202,10.995,"04-25","04-11","07-05"
"Sklinna","BLKI368",65.202,10.995,"04-25","04-11","07-05"
"Sklinna","BLKI268",65.202,10.995,"04-25","04-11","07-05"
"Sklinna","BLKI172",65.202,10.995,"04-25","04-11","07-05"
"Sklinna","BLKI269",65.202,10.995,"04-25","04-11","07-05"
"Sklinna","BLKI740",65.202,10.995,"04-25","04-11","07-05"
"Sklinna","BLKI270",65.202,10.995,"04-25","04-11","07-05"
"Sklinna","BLKI552",65.202,10.995,"04-25","04-11","07-05"
"Sklinna","BLKI086",65.202,10.995,"04-25","04-11","07-05"
"Sklinna","BLKI369",65.202,10.995,"04-25","04-11","07-05"
"Gull Island, Witless Bay","BLKI955",47.24,-52.78,"05-21","05-07","07-31"
"Gull Island, Witless Bay","BLKI956",47.24,-52.78,"05-21","05-07","07-31"
"Gull Island, Witless Bay","BLKI957",47.24,-52.78,"05-21","05-07","07-31"
"Gull Island, Witless Bay","BLKI958",47.24,-52.78,"05-21","05-07","07-31"
"Gull Island, Witless Bay","BLKI959",47.24,-52.78,"05-21","05-07","07-31"
"Gull Island, Witless Bay","BLKI960",47.24,-52.78,"05-21","05-07","07-31"
"Gull Island, Witless Bay","BLKI961",47.24,-52.78,"05-21","05-07","07-31"
"Gull Island, Witless Bay","BLKI962",47.24,-52.78,"05-21","05-07","07-31"
"Gull Island, Witless Bay","BLKI963",47.24,-52.78,"05-21","05-07","07-31"
"Gull Island, Witless Bay","BLKI964",47.24,-52.78,"05-21","05-07","07-31"
"Gull Island, Witless Bay","BLKI965",47.24,-52.78,"05-21","05-07","07-31"
"Gull Island, Witless Bay","BLKI966",47.24,-52.78,"05-21","05-07","07-31"
"Gull Island, Witless Bay","BLKI967",47.24,-52.78,"05-21","05-07","07-31"
"Gull Island, Witless Bay","BLKI968",47.24,-52.78,"05-21","05-07","07-31"
"Gull Island, Witless Bay","BLKI969",47.24,-52.78,"05-21","05-07","07-31"
"Gull Island, Witless Bay","BLKI970",47.24,-52.78,"05-21","05-07","07-31"
"Gull Island, Witless Bay","BLKI971",47.24,-52.78,"05-21","05-07","07-31"
"Gull Island, Witless Bay","BLKI584",47.24,-52.78,"05-21","05-07","07-31"
"Gull Island, Witless Bay","BLKI303",47.24,-52.78,"05-21","05-07","07-31"
"Gull Island, Witless Bay","BLKI117",47.24,-52.78,"05-21","05-07","07-31"
"Gull Island, Witless Bay","BLKI031",47.24,-52.78,"05-21","05-07","07-31"
"Gull Island, Witless Bay","BLKI304",47.24,-52.78,"05-21","05-07","07-31"
"Gull Island, Witless Bay","BLKI491",47.24,-52.78,"05-21","05-07","07-31"
"Gull Island, Witless Bay","BLKI863",47.24,-52.78,"05-21","05-07","07-31"
